{
  "target_key": "elongation",
  "target_name": "Elongation",
  "best_r2": 0.541342622644812,
  "best_mae": 7.8113040392709205,
  "xgb_params": {
    "n_estimators": 800,
    "learning_rate": 0.006938448264651533,
    "max_depth": 4,
    "min_child_weight": 2,
    "subsample": 0.9383377821186778,
    "colsample_bytree": 0.7721921710277097,
    "colsample_bylevel": 0.5911968880382862,
    "reg_lambda": 6.51897997974162,
    "reg_alpha": 0.0027690362176981953,
    "gamma": 0.6454364629474902,
    "tree_method": "hist",
    "random_state": 42
  },
  "rf_params": {
    "n_estimators": 400,
    "max_depth": 9,
    "min_samples_split": 7,
    "min_samples_leaf": 3,
    "max_features": "sqrt",
    "bootstrap": true,
    "random_state": 42
  },
  "exclude_phase_compositions": true,
  "bounds": [
    0,
    80
  ]
}