{
  "target_key": "elasticity",
  "target_name": "Elastic Modulus",
  "best_r2": 0.6354110140595892,
  "best_mae": 13.350909047098392,
  "xgb_params": {
    "n_estimators": 800,
    "learning_rate": 0.02206163459248256,
    "max_depth": 9,
    "min_child_weight": 1,
    "subsample": 0.7254523967917926,
    "colsample_bytree": 0.6024786571062083,
    "colsample_bylevel": 0.8381195603316288,
    "reg_lambda": 7.358384460847598,
    "reg_alpha": 0.18410715749889395,
    "gamma": 0.8848666283000732,
    "tree_method": "hist",
    "random_state": 42
  },
  "rf_params": {
    "n_estimators": 500,
    "max_depth": 12,
    "min_samples_split": 14,
    "min_samples_leaf": 3,
    "max_features": "sqrt",
    "bootstrap": true,
    "random_state": 42
  },
  "exclude_phase_compositions": true,
  "bounds": [
    50,
    350
  ]
}