{
  "target_key": "uts",
  "target_name": "Ultimate Tensile Strength",
  "best_r2": 0.8604241765880843,
  "best_mae": 103.81421992260911,
  "xgb_params": {
    "n_estimators": 800,
    "learning_rate": 0.027417141605741133,
    "max_depth": 6,
    "min_child_weight": 10,
    "subsample": 0.7866242976335011,
    "colsample_bytree": 0.8757146577411772,
    "colsample_bylevel": 0.8350153946835622,
    "reg_lambda": 2.000464159013181,
    "reg_alpha": 0.43191014870247446,
    "gamma": 0.3008385581568559,
    "tree_method": "hist",
    "random_state": 42
  },
  "rf_params": {
    "n_estimators": 400,
    "max_depth": 11,
    "min_samples_split": 2,
    "min_samples_leaf": 2,
    "max_features": "sqrt",
    "bootstrap": true,
    "random_state": 42
  },
  "exclude_phase_compositions": false,
  "bounds": [
    50,
    2500
  ]
}