{
  "target_key": "yield_strength",
  "target_name": "Yield Strength",
  "best_r2": 0.7645325855413511,
  "best_mae": 100.90273672152878,
  "xgb_params": {
    "n_estimators": 700,
    "learning_rate": 0.029249431766637093,
    "max_depth": 4,
    "min_child_weight": 1,
    "subsample": 0.5940145140645219,
    "colsample_bytree": 0.8344539061981903,
    "colsample_bylevel": 0.7988937324407626,
    "reg_lambda": 1.8078804266268778,
    "reg_alpha": 1.200120739150203,
    "gamma": 0.9110524390705618,
    "tree_method": "hist",
    "random_state": 42
  },
  "rf_params": {
    "n_estimators": 200,
    "max_depth": 9,
    "min_samples_split": 5,
    "min_samples_leaf": 3,
    "max_features": "sqrt",
    "bootstrap": true,
    "random_state": 42
  },
  "exclude_phase_compositions": false,
  "bounds": [
    50,
    2000
  ]
}