{
  "target_key": "yield_strength",
  "target_name": "Yield Strength",
  "best_r2": 0.8638596858624232,
  "best_mae": 85.72826778676509,
  "xgb_params": {
    "n_estimators": 900,
    "learning_rate": 0.07262658062356372,
    "max_depth": 4,
    "min_child_weight": 3,
    "subsample": 0.9078972843260313,
    "colsample_bytree": 0.7693928131218353,
    "colsample_bylevel": 0.7566123230676688,
    "reg_lambda": 8.936026290209181,
    "reg_alpha": 1.0313688506166723,
    "gamma": 0.03148215911790158,
    "tree_method": "hist",
    "random_state": 42
  },
  "rf_params": {
    "n_estimators": 100,
    "max_depth": 11,
    "min_samples_split": 2,
    "min_samples_leaf": 3,
    "max_features": "sqrt",
    "bootstrap": true,
    "random_state": 42
  },
  "exclude_phase_compositions": false,
  "bounds": [
    50,
    2000
  ]
}